student_id,name,gender,age,department,semester,attendance_percentage,math_score,science_score,programming_score,english_score,assignment_score,internal_score,final_exam_score,study_hours_per_week,extracurricular,internet_access,location
STU0446,Sai Gupta,Female,22,Information Science,1,96.6,88.1,100.0,84.6,96.2,92.7,68.7,94.1,6.3,No,Yes,Urban
STU0354,Rohan Kapoor,Male,18,Computer Science,7,98.5,51.4,60.6,62.6,57.6,63.2,53.4,47.1,1.2,No,Yes,Semi-Urban
STU0098,Zoya Chatterjee,Male,21,Computer Science,5,64.7,60.1,39.8,68.0,52.4,72.9,65.9,55.8,5.7,Yes,Yes,Urban
STU0071,Manav Rao,Male,19,Computer Science,6,90.2,54.8,76.5,68.3,46.3,71.1,82.4,64.6,2.3,No,Yes,Semi-Urban
STU0337,Kavya Mishra,Female,21,Information Science,7,82.2,54.1,51.8,50.6,59.0,54.6,51.7,65.6,6.2,No,Yes,Urban
STU0515,Saanvi Verma,Other,22,Mechanical,5,83.1,29.5,17.2,63.8,32.8,29.2,37.2,44.9,4.9,No,Yes,Semi-Urban
STU0268,Riya Pillai,Female,21,Civil,3,63.7,72.7,82.1,80.4,77.0,100.0,75.2,72.8,13.5,Yes,Yes,Rural
STU0146,Akash Verma,Male,19,Computer Science,6,73.7,100.0,99.8,100.0,81.1,93.8,97.2,100.0,8.2,No,No,Semi-Urban
STU0233,Sai Patel,Female,19,Electronics,4,67.8,66.5,49.7,45.3,53.9,70.9,69.2,71.9,4.4,No,No,Urban
STU0031,Yash Shah,Male,20,Computer Science,6,81.9,100.0,88.1,100.0,100.0,91.3,99.8,95.0,6.9,No,Yes,Urban
STU0519,Aarav Sharma,Female,18,Information Science,4,72.5,67.4,59.9,47.7,61.5,31.5,70.5,49.8,6.5,Yes,Yes,Semi-Urban
STU0221,Divya Mukherjee,Male,19,Mechanical,4,86.6,53.3,53.5,71.7,56.4,64.1,58.1,29.1,3.1,No,Yes,Semi-Urban
STU0304,Saanvi Banerjee,Female,21,Information Science,1,53.4,45.0,42.5,67.4,46.6,54.7,50.0,40.3,5.2,Yes,Yes,Urban
STU0051,Kiara Nair,Female,22,Computer Science,3,67.3,45.0,59.7,100.0,70.9,69.0,60.8,62.9,5.0,No,Yes,Urban
STU0056,Amara Mukherjee,Female,18,Computer Science,1,83.3,41.1,48.5,57.9,38.8,60.2,57.1,48.0,5.8,No,Yes,Urban
STU0180,Fatima Kulkarni,Male,20,Electronics,4,100.0,36.1,54.7,48.8,39.1,38.6,44.0,44.4,2.3,No,Yes,Semi-Urban
STU0402,Simran Reddy,Other,19,Computer Science,7,72.3,61.5,42.4,57.3,49.8,80.4,75.7,43.1,2.7,No,No,Urban
STU0090,Myra Iyer,Male,18,Information Science,1,82.0,72.5,82.6,84.5,79.4,90.4,57.6,88.7,7.8,No,Yes,Urban
STU0147,Fatima Chauhan,Female,20,Information Science,3,89.9,74.1,71.3,66.2,75.9,68.6,69.4,60.4,6.3,No,Yes,Urban
STU0004,Reyansh Kapoor,Male,19,Computer Science,3,80.2,49.7,57.5,55.2,40.9,52.4,40.9,51.9,6.8,Yes,Yes,Urban
STU0243,Ayesha Malhotra,Female,19,Computer Science,3,78.2,81.9,49.1,57.9,40.4,58.1,56.3,52.2,3.4,No,Yes,Urban
STU0052,Aarav Menon,Female,19,Computer Science,3,88.9,48.9,76.4,69.2,71.3,64.4,59.3,56.2,5.4,No,Yes,Rural
STU0254,Kavya Malhotra,Female,21,Electronics,1,91.6,83.5,84.7,74.4,86.3,81.3,75.9,79.2,1.2,Yes,Yes,Semi-Urban
STU0121,Arjun Kulkarni,Male,21,Civil,5,73.7,,86.9,100.0,99.9,95.6,94.3,80.9,9.7,No,No,Rural
STU0314,Sara Bose,Male,20,Information Science,6,90.7,90.9,77.5,86.5,96.4,89.6,100.0,75.9,5.6,Yes,Yes,Urban
STU0467,Sneha Chauhan,Male,20,Civil,3,95.7,84.4,100.0,60.6,76.2,91.1,89.5,77.1,8.4,Yes,Yes,Urban
STU0407,Priya Sharma,Male,20,Electronics,5,46.3,46.2,64.0,81.6,82.1,68.3,50.9,53.4,5.0,No,Yes,Urban
STU0382,Ananya Mishra,Female,21,Electronics,1,97.3,99.8,79.9,86.9,94.6,95.7,86.2,78.0,7.9,No,Yes,Rural
STU0477,Rohan Verma,Male,20,Mechanical,5,77.2,73.8,72.0,71.6,78.6,62.6,72.8,67.2,3.0,No,Yes,Urban
STU0281,Saanvi Joshi,Male,20,Electronics,1,55.8,72.5,54.2,60.9,75.1,59.4,67.2,62.0,4.2,No,Yes,Urban
STU0490,Diya Mukherjee,Female,19,Electronics,7,86.8,,55.7,36.3,39.8,45.6,38.4,47.9,2.8,No,No,Rural
STU0160,Aarav Bhatt,Male,21,Information Science,4,89.5,63.7,36.7,79.7,57.3,44.2,40.6,54.9,6.6,No,Yes,Semi-Urban
STU0522,Karan Chatterjee,Male,19,Computer Science,4,62.1,57.5,59.3,67.5,87.0,77.6,66.4,64.9,3.5,Yes,Yes,Urban
STU0365,Kiara Naidu,Female,20,Mechanical,6,83.9,60.4,50.9,75.9,61.4,65.4,59.6,46.3,6.6,Yes,Yes,Rural
STU0173,Aarav Yadav,Male,18,Information Science,4,87.8,59.8,61.1,62.6,90.9,74.4,63.0,43.2,3.8,No,Yes,Urban
STU0083,Nikhil Desai,Male,20,Information Science,7,87.0,88.2,52.5,44.1,40.6,53.5,55.8,43.0,8.7,Yes,No,Semi-Urban
STU0262,Kiara Mishra,Male,21,Mechanical,6,90.6,54.1,67.0,76.5,68.9,68.5,59.2,64.6,4.0,Yes,Yes,Rural
STU0426,Om Iyer,Female,19,Information Science,1,75.9,69.2,53.3,44.5,23.9,47.2,53.3,58.5,3.2,No,Yes,Urban
STU0545,Manav Reddy,Female,20,Information Science,2,79.9,70.6,59.6,62.7,37.1,64.4,61.9,48.8,5.9,Yes,Yes,Semi-Urban
STU0193,Fatima Reddy,Female,19,Computer Science,6,91.2,82.4,80.6,95.6,82.8,85.1,80.8,89.6,,No,Yes,Rural
STU0141,Vivaan Kapoor,Female,19,Computer Science,7,100.0,78.2,100.0,91.8,100.0,100.0,75.9,82.9,6.1,No,Yes,Urban
STU0381,Ritvik Rathod,Male,19,Information Science,8,80.5,43.6,54.0,49.7,58.9,43.8,37.8,39.5,7.4,No,No,Semi-Urban
STU0460,Sara Sharma,Female,21,Civil,2,54.9,30.9,50.9,30.8,22.8,35.3,44.8,45.9,6.3,No,Yes,Semi-Urban
STU0360,Anika Yadav,Male,19,Computer Science,4,83.7,69.8,71.1,72.9,78.3,68.3,72.3,61.6,4.2,No,Yes,Urban
STU0214,Ananya Chatterjee,Female,21,Information Science,2,90.5,72.9,77.2,45.3,78.9,81.9,72.5,85.1,2.2,No,Yes,Urban
STU0431,Reyansh Nair,Female,19,Electronics,7,89.8,31.2,47.2,41.5,59.7,75.9,45.1,52.9,4.6,No,Yes,Semi-Urban
STU0014,Ishaan Krishnan,Male,19,Information Science,5,60.6,77.6,58.2,72.5,63.7,71.4,69.7,78.7,7.2,No,Yes,Semi-Urban
STU0306,Advait Reddy,Female,20,  ELECTRONICS  ,4,94.7,84.8,75.4,88.1,83.2,56.5,68.0,64.5,6.4,Yes,Yes,Rural
STU0222,Aadhya Bhatt,Female,19,Computer Science,2,79.8,88.9,52.8,62.1,79.5,72.6,65.8,63.9,4.8,Yes,Yes,Urban
STU0542,Akash Verma,Male,20,Electronics,7,83.9,90.0,82.1,71.7,83.5,86.1,81.9,84.1,4.7,No,Yes,Semi-Urban
STU0264,Zoya Nair,Male,18,Computer Science,2,91.4,64.9,55.1,82.8,63.6,89.4,78.1,77.5,0.7,No,No,Urban
STU0368,Tanvi Rathod,Female,18,Electronics,6,78.6,65.8,71.1,49.8,68.2,75.3,77.3,42.1,0.0,Yes,Yes,Urban
STU0149,Ishaan Chatterjee,Male,20,Computer Science,5,86.6,62.1,56.2,88.0,77.0,83.9,58.6,77.5,3.9,Yes,No,Urban
STU0100,Om Malhotra,Male,21,Information Science,3,83.6,74.1,56.9,66.8,85.9,65.5,68.1,71.3,6.0,No,Yes,Urban
STU0540,Tanvi Naidu,Male,19,Computer Science,3,82.0,67.6,81.2,64.1,61.1,79.9,74.9,74.6,5.4,No,Yes,Semi-Urban
STU0338,Akash Kulkarni,Male,18,Civil,5,71.2,77.8,60.7,52.7,58.7,61.1,51.9,46.7,,Yes,Yes,Urban
STU0496,Myra Sharma,Male,23,Civil,6,62.1,68.6,59.2,66.6,55.2,75.4,68.7,61.2,5.9,No,Yes,Urban
STU0259,Amara Chatterjee,Male,20,Information Science,6,76.9,50.3,51.6,47.4,54.1,59.2,55.7,39.4,7.9,Yes,Yes,Urban
STU0024,Diya Kulkarni,Male,19,Information Science,7,87.2,76.5,56.1,43.7,83.8,67.9,56.6,39.0,4.9,No,Yes,Urban
STU0307,Zoya Menon,Female,18,Computer Science,3,85.1,42.0,40.5,24.8,33.3,37.3,39.0,36.9,7.0,No,Yes,Urban
STU0440,Nikhil Pandey,Female,21,Civil,2,84.3,49.4,58.6,43.6,46.5,49.4,68.3,30.1,7.8,No,Yes,Semi-Urban
STU0116,Manav Desai,Female,19,Electronics,1,61.1,24.5,19.6,25.5,45.1,37.7,28.9,25.7,0.0,No,Yes,Semi-Urban
STU0347,Sai Krishnan,Female,20,Information Science,1,82.0,78.9,63.3,85.6,47.0,94.4,64.8,47.0,1.7,Yes,No,Rural
STU0102,Ritvik Shah,Female,20,Computer Science,1,67.6,64.2,66.8,53.1,38.7,49.5,42.7,45.6,3.8,No,Yes,Urban
STU0422,Arjun Malhotra,Male,18,  INFORMATION SCIENCE  ,4,61.1,71.7,66.8,61.6,68.3,92.1,69.2,56.6,8.3,No,Yes,Urban
STU0139,Sneha Reddy,Male,20,Information Science,3,68.6,77.6,42.9,77.9,77.3,97.3,66.6,73.5,9.4,Yes,Yes,Semi-Urban
STU0011,Dev Reddy,Female,19,Information Science,2,82.0,42.6,55.3,88.4,42.6,45.9,47.9,52.4,4.7,Yes,No,Semi-Urban
STU0386,Pooja Iyer,Male,21,Mechanical,3,90.0,63.1,81.7,80.5,73.4,79.2,73.2,75.7,4.7,Yes,No,Semi-Urban
STU0033,Vihaan Das,Female,20,Information Science,7,73.8,74.1,48.6,56.6,36.4,53.6,48.9,31.3,4.1,No,Yes,Rural
STU0425,Ananya Desai,Male,19,Information Science,6,91.2,73.6,61.5,79.5,53.3,60.6,69.5,36.0,7.5,Yes,No,Rural
STU0436,Saanvi Nair,Female,20,Electronics,2,78.0,43.2,48.9,47.3,38.5,52.5,46.1,42.8,6.3,Yes,Yes,Urban
STU0155,Ishaan Patel,Female,18,Information Science,6,72.6,64.6,52.3,65.5,76.8,69.8,81.7,58.7,7.1,Yes,Yes,Semi-Urban
STU0026,Siddharth Desai,Male,22,  COMPUTER SCIENCE  ,7,70.5,22.7,20.1,40.4,35.3,44.6,42.5,28.8,7.0,Yes,No,Urban
STU0447,Kiara Mukherjee,Male,19,Electronics,6,77.2,65.3,63.6,53.5,90.9,81.9,83.0,96.1,5.7,No,Yes,Semi-Urban
STU0516,Nisha Kapoor,Male,21,Computer Science,2,74.9,82.0,66.2,68.6,70.1,82.3,81.8,63.3,6.1,Yes,Yes,Urban
STU0053,Simran Patel,Female,18,Mechanical,8,79.2,57.3,47.3,46.2,36.1,48.7,44.1,40.2,4.5,No,Yes,Urban
STU0066,Myra Malhotra,Male,20,Information Science,4,73.6,69.0,50.6,86.2,69.7,60.8,76.5,61.1,3.0,Yes,Yes,Urban
STU0302,Karan Joshi,Other,18,Computer Science,7,84.4,73.3,76.6,79.9,74.7,67.5,63.5,75.8,10.2,Yes,Yes,Urban
STU0456,Sneha Shah,Female,18,Mechanical,6,81.8,76.0,71.7,71.0,50.4,76.9,83.0,58.8,0.6,Yes,Yes,Semi-Urban
STU0355,Siddharth Bose,Male,21,Information Science,5,80.4,52.1,33.6,43.4,36.2,44.4,40.0,49.3,3.1,No,Yes,Rural
STU0246,Tanvi Sharma,Male,19,Civil,1,84.6,100.0,70.9,93.7,100.0,89.3,67.9,79.4,9.1,No,Yes,Rural
STU0423,Reyansh Pandey,Male,22,Electronics,4,72.3,58.8,79.8,73.7,54.4,56.8,60.7,60.7,5.7,No,No,Rural
STU0133,Sai Kulkarni,Male,19,Computer Science,1,86.5,66.7,72.5,100.0,86.6,71.3,81.5,79.4,1.3,Yes,Yes,Urban
STU0453,Navya Krishnan,Male,18,Information Science,2,93.4,77.5,95.7,100.0,88.6,92.4,85.4,81.6,8.4,Yes,Yes,Rural
STU0257,Yash Yadav,Male,19,Computer Science,4,72.0,64.0,61.8,56.2,34.6,52.7,30.9,44.9,7.3,Yes,Yes,Urban
STU0041,Kavya Bose,Male,21,Civil,5,86.0,61.4,45.1,66.9,66.5,58.7,61.1,56.1,6.6,Yes,Yes,Urban
STU0376,Nisha Rao,Male,19,Information Science,8,71.0,75.3,85.0,76.0,60.3,64.7,56.2,66.2,2.0,Yes,Yes,Urban
STU0527,Simran Sharma,Male,18,Information Science,8,68.1,50.3,42.7,57.4,31.6,68.4,48.1,55.5,3.9,Yes,Yes,Rural
STU0547,Kiara Bose,Male,20,Civil,4,73.5,43.4,45.4,57.5,40.3,58.0,61.0,56.2,3.0,Yes,No,Rural
STU0424,Aditya Das,Male,24,Electronics,1,65.3,47.0,38.8,44.1,49.6,76.7,47.5,34.5,9.2,No,Yes,Urban
STU0110,Neha Desai,Male,18,Electronics,3,76.5,38.8,62.6,57.1,45.4,29.0,38.9,44.7,5.8,No,Yes,Urban
STU0391,Saanvi Naidu,Female,20,Electronics,4,100.0,100.0,100.0,100.0,100.0,97.0,97.1,82.4,13.2,No,No,Urban
STU0272,Sara Krishnan,Male,22,Computer Science,8,86.3,49.0,80.0,61.7,56.0,65.8,57.2,79.3,3.4,Yes,Yes,Urban
STU0312,Riya Naidu,Female,20,Information Science,4,67.3,51.7,41.0,51.4,54.0,55.1,60.3,32.5,5.6,No,Yes,Urban
STU0047,Kabir Chauhan,Male,19,Electronics,1,90.3,71.7,69.1,97.5,97.4,79.6,78.3,79.3,7.0,Yes,Yes,Rural
STU0344,Ishaan Patel,Female,21,Electronics,8,79.0,58.7,58.1,76.8,36.9,46.6,40.0,52.9,8.7,Yes,Yes,Semi-Urban
STU0057,Arjun Banerjee,Male,20,Computer Science,3,68.7,86.0,77.3,75.1,99.8,91.7,91.4,76.9,3.0,No,Yes,Semi-Urban
STU0072,Meera Patel,Male,21,Information Science,2,60.9,49.1,79.9,93.2,86.5,70.9,87.9,85.0,5.2,No,Yes,Urban
STU0480,Om Malhotra,Female,20,Computer Science,3,93.3,47.7,46.9,38.2,49.7,50.1,35.4,34.3,5.8,Yes,Yes,Urban
STU0421,Aditya Banerjee,Female,20,Information Science,5,97.7,46.1,27.7,50.5,30.9,51.7,54.0,34.9,1.8,No,No,Urban
STU0091,Fatima Pillai,Male,22,Computer Science,6,69.3,67.6,92.3,68.3,86.4,74.9,93.5,77.4,5.9,No,Yes,Urban
STU0039,Sneha Chauhan,Female,20,Civil,2,73.9,64.1,70.5,56.9,61.5,54.6,51.6,63.8,4.2,No,Yes,Semi-Urban
STU0409,Rohan Rathod,Female,19,Mechanical,3,85.1,100.0,86.4,100.0,87.0,95.3,78.2,90.7,10.4,No,Yes,Urban
STU0521,Aryaman Bhatt,Male,20,Information Science,4,95.7,67.2,50.4,63.6,50.1,64.1,65.1,52.0,7.9,No,Yes,Rural
STU0448,Manav Yadav,Male,19,Computer Science,3,73.6,79.9,100.0,71.3,70.9,80.1,72.9,49.6,1.1,Yes,Yes,Semi-Urban
STU0543,Fatima Krishnan,Male,19,Information Science,7,69.9,49.4,80.4,52.2,70.8,100.0,73.2,70.0,5.6,Yes,Yes,Semi-Urban
STU0417,Fatima Krishnan,Male,20,  COMPUTER SCIENCE  ,1,72.5,64.7,59.3,76.6,74.7,62.5,51.5,74.4,10.7,Yes,Yes,Semi-Urban
STU0194,Ananya Iyer,Female,21,Computer Science,8,69.2,51.6,39.2,62.8,45.5,54.4,78.2,50.1,8.3,Yes,Yes,Urban
STU0189,Tanvi Yadav,Male,22,Mechanical,8,66.8,28.9,41.6,31.1,41.2,49.9,34.3,38.6,0.5,Yes,Yes,Semi-Urban
STU0499,Diya Desai,Female,22,Civil,8,100.0,68.8,64.2,49.0,64.0,58.0,45.5,48.0,2.3,Yes,Yes,Semi-Urban
STU0023,Rahul Joshi,Male,20,Information Science,2,87.6,68.5,53.9,79.4,67.1,69.2,59.1,55.0,6.1,No,Yes,Semi-Urban
STU0428,Diya Mukherjee,Female,18,Information Science,1,66.9,51.0,60.4,63.2,43.1,64.7,46.4,50.0,6.8,No,Yes,Semi-Urban
STU0163,Manav Rao,Male,20,Electronics,5,98.4,79.5,64.0,85.9,63.0,84.7,57.7,69.8,12.0,No,Yes,Urban
STU0322,Aarav Krishnan,Female,20,Computer Science,5,99.4,58.6,57.6,49.5,64.6,75.3,59.5,56.9,1.7,Yes,Yes,Urban
STU0405,Aarav Verma,Female,19,Electronics,7,71.1,57.4,59.9,60.4,56.6,44.4,58.1,48.1,8.5,No,Yes,Urban
STU0171,Advait Bhatt,Female,21,Civil,5,83.0,39.7,69.4,57.3,65.3,63.8,72.9,59.4,9.5,No,Yes,Semi-Urban
STU0061,Fatima Bose,Male,19,Electronics,8,76.5,22.3,54.3,43.0,25.8,22.3,36.4,39.0,7.3,No,Yes,Urban
STU0383,Divya Iyer,Male,18,Electronics,7,65.5,83.1,62.8,39.3,46.3,56.9,55.1,53.8,10.2,Yes,Yes,Rural
STU0240,Sara Pandey,Female,21,Information Science,7,94.6,81.6,94.7,79.9,82.1,100.0,93.5,99.1,8.0,Yes,Yes,Semi-Urban
STU0497,Aryaman Reddy,Female,20,Electronics,2,82.7,55.5,65.8,49.3,46.7,63.8,59.6,61.4,3.0,No,Yes,Rural
STU0393,Divya Mishra,Female,20,Civil,2,58.9,60.6,52.7,78.7,53.8,70.3,64.1,250.0,8.3,No,Yes,Urban
STU0237,Myra Malhotra,Male,22,Computer Science,8,95.0,66.9,67.4,70.6,57.9,81.6,62.4,65.3,6.2,No,Yes,Semi-Urban
STU0487,Rohan Naidu,Female,19,Information Science,6,70.7,68.8,31.1,33.0,47.0,52.4,38.5,42.1,0.4,No,Yes,Rural
STU0533,Vivaan Bhatt,Male,18,Civil,2,63.4,35.3,28.1,23.9,41.6,28.1,35.7,45.9,4.4,No,Yes,Semi-Urban
STU0119,Nikhil Das,Female,22,Electronics,2,60.6,87.8,67.4,74.5,81.8,78.4,72.6,66.9,5.2,Yes,Yes,Semi-Urban
STU0485,Karan Mehta,Male,21,Electronics,4,78.1,55.1,67.1,45.3,37.6,54.6,67.7,51.8,6.6,Yes,Yes,Urban
STU0385,Varun Das,Female,18,Mechanical,4,74.6,48.5,61.5,53.9,44.9,48.1,56.7,40.5,9.2,No,Yes,Urban
STU0501,Simran Kulkarni,Male,18,  CIVIL  ,3,78.8,88.1,76.3,69.7,61.3,78.3,,69.6,5.8,No,Yes,Urban
STU0473,Aditya Sharma,Male,18,Civil,2,98.5,34.6,44.6,23.6,19.2,43.5,41.2,32.0,4.4,No,Yes,Rural
STU0471,Isha Mehta,Male,21,Mechanical,5,80.2,72.8,75.0,34.6,37.0,50.1,55.3,47.2,2.4,No,Yes,Semi-Urban
STU0175,Aadhya Nair,Male,21,Computer Science,1,82.0,88.7,85.4,75.6,100.0,81.5,80.0,72.4,8.7,No,Yes,Semi-Urban
STU0284,Dev Nair,Male,19,Computer Science,2,76.7,46.8,41.3,52.3,43.3,57.9,62.1,49.1,11.1,Yes,Yes,Urban
STU0511,Divya Rao,Female,18,  COMPUTER SCIENCE  ,2,99.5,91.8,89.7,100.0,90.6,100.0,90.8,100.0,6.5,Yes,Yes,Semi-Urban
STU0249,Fatima Mishra,Female,21,Electronics,1,72.4,85.2,84.3,100.0,72.1,92.5,91.0,68.7,8.3,No,Yes,Urban
STU0363,Myra Mehta,Female,20,Mechanical,8,86.5,59.6,51.0,41.8,66.2,51.5,47.5,47.7,5.4,Yes,Yes,Rural
STU0348,Aarav Sharma,Female,20,Information Science,7,73.7,27.8,30.4,41.1,35.8,28.0,38.5,28.6,1.0,No,Yes,Semi-Urban
STU0245,Diya Kulkarni,Male,19,Civil,6,,87.3,87.2,93.7,68.0,100.0,79.9,79.7,7.3,No,Yes,Urban
STU0032,Arjun Joshi,Female,22,  INFORMATION SCIENCE  ,4,59.5,55.0,30.0,67.6,38.8,69.9,61.0,76.7,5.3,No,Yes,Rural
STU0450,Ananya Mukherjee,Male,21,Mechanical,6,73.6,72.2,67.3,77.3,48.2,74.8,75.4,74.7,3.8,No,Yes,Urban
STU0192,Vihaan Reddy,Female,21,Electronics,5,73.5,74.6,40.7,48.4,40.9,59.6,51.5,43.1,0.2,Yes,Yes,Rural
STU0021,Arjun Desai,Male,18,Computer Science,1,87.5,48.7,66.3,55.8,66.0,71.2,70.3,67.9,2.7,No,No,Semi-Urban
STU0114,Ananya Joshi,Female,18,Mechanical,1,51.3,42.9,58.5,69.0,59.9,59.9,69.6,38.4,7.2,No,Yes,Rural
STU0001,Arjun Kapoor,Male,21,Electronics,2,91.3,66.3,72.1,62.3,62.8,66.4,60.3,52.7,3.1,No,Yes,Rural
STU0361,Vivaan Krishnan,Female,20,Civil,2,75.6,78.7,75.9,54.2,74.8,79.5,91.8,115.0,,No,Yes,Urban
STU0548,Nikhil Chatterjee,Female,20,Mechanical,8,82.6,72.5,62.9,79.7,93.2,94.8,83.4,85.3,6.6,Yes,Yes,Urban
STU0223,Manav Mukherjee,Female,20,Mechanical,7,89.1,87.9,75.9,74.5,73.7,100.0,79.6,88.7,6.7,Yes,Yes,Urban
STU0156,Anika Krishnan,Male,18,Electronics,5,91.5,60.1,81.1,56.9,74.4,79.9,69.9,69.9,8.9,Yes,Yes,Rural
STU0455,Kiara Mehta,Male,20,Computer Science,6,74.1,59.5,58.6,71.7,58.6,62.4,58.2,50.5,6.6,Yes,Yes,Semi-Urban
STU0003,Dev Bhatt,Male,20,Electronics,6,78.6,61.8,84.1,77.1,55.1,76.9,75.3,74.0,1.5,No,Yes,Urban
STU0534,Anika Shah,Male,19,Mechanical,5,68.8,51.9,38.2,40.9,51.6,60.0,47.4,40.0,8.8,No,Yes,Urban
STU0059,Sneha Banerjee,Female,20,Information Science,7,72.7,92.6,95.4,71.0,70.9,100.0,100.0,79.3,10.0,Yes,Yes,Urban
STU0323,Sara Pandey,Male,19,Information Science,1,80.1,74.6,69.5,72.5,56.9,87.5,74.3,64.3,4.8,Yes,Yes,Urban
STU0271,Meera Krishnan,Female,21,Computer Science,6,74.1,51.8,57.4,87.9,60.6,67.7,79.5,75.7,9.6,Yes,Yes,Urban
STU0502,Advait Banerjee,Male,20,Civil,4,73.9,95.3,90.7,72.9,91.1,96.9,86.3,96.6,4.4,No,Yes,Urban
STU0279,Ishaan Sharma,Female,18,Computer Science,6,95.5,68.1,60.2,77.3,64.5,86.1,63.2,83.0,3.3,Yes,Yes,Urban
STU0075,Divya Desai,Male,20,Electronics,3,80.8,39.1,65.6,56.1,58.5,69.8,73.7,71.8,3.7,No,Yes,Urban
STU0218,Zoya Sharma,Male,18,Electronics,3,82.5,72.2,74.8,68.1,85.2,78.4,78.1,73.2,5.9,Yes,No,Urban
STU0489,Rahul Reddy,Female,18,Mechanical,4,64.7,35.8,55.3,68.1,56.7,48.2,34.0,39.5,8.3,Yes,Yes,Semi-Urban
STU0441,Nikhil Mishra,Female,20,Computer Science,3,72.3,42.2,40.9,60.0,30.7,60.6,47.6,35.6,8.0,Yes,Yes,Urban
STU0081,Sai Krishnan,Female,20,Information Science,1,87.1,40.8,46.3,56.4,51.9,45.3,46.2,65.8,0.0,No,Yes,Semi-Urban
STU0294,Ananya Pillai,Male,19,Electronics,6,91.5,44.5,28.5,83.1,43.0,57.8,60.0,52.7,6.5,Yes,Yes,Semi-Urban
STU0027,Nisha Das,Male,21,Information Science,5,64.0,45.1,52.4,56.7,51.1,50.0,54.6,48.9,2.2,No,Yes,Rural
STU0066,Myra Malhotra,Male,20,Information Science,4,73.6,69.0,50.6,86.2,69.7,60.8,76.5,61.1,3.0,Yes,Yes,Urban
STU0328,Dev Chatterjee,Male,18,Information Science,2,,50.2,58.4,56.7,43.8,60.1,39.6,40.3,1.7,No,Yes,Semi-Urban
STU0413,Varun Sharma,Female,22,Electronics,7,94.0,60.9,62.2,59.7,73.6,69.3,74.1,53.0,,No,Yes,Urban
STU0260,Tanvi Pandey,Female,21,Electronics,5,97.9,63.6,36.8,49.9,40.2,48.7,46.4,44.3,5.0,Yes,No,Semi-Urban
STU0395,Ayesha Krishnan,Female,21,Computer Science,7,85.5,60.4,75.8,69.7,62.2,81.5,72.3,60.4,8.6,Yes,Yes,Rural
STU0109,Divya Menon,Male,21,Mechanical,8,99.3,81.9,75.6,100.0,77.2,91.7,85.8,73.8,6.8,Yes,No,Semi-Urban
STU0148,Rohan Nair,Male,22,Mechanical,1,89.7,100.0,100.0,100.0,89.2,100.0,97.6,90.2,5.8,Yes,Yes,Semi-Urban
STU0015,Ritvik Chatterjee,Male,20,Computer Science,1,73.1,30.9,53.1,64.6,51.2,60.7,45.3,46.2,7.6,Yes,Yes,Urban
STU0313,Arjun Malhotra,Male,18,Computer Science,7,78.5,51.0,71.9,57.0,61.3,79.4,64.9,43.6,2.9,Yes,Yes,Urban
STU0115,Diya Patel,Female,20,Mechanical,7,80.0,75.6,72.1,100.0,60.7,80.7,76.1,61.8,8.7,No,Yes,Urban
STU0166,Manav Kapoor,Male,18,Computer Science,1,95.7,52.1,46.4,43.3,44.5,38.4,41.3,40.1,4.7,Yes,Yes,Urban
STU0454,Ritvik Das,Female,21,Civil,6,96.0,70.2,58.7,77.3,66.4,82.9,62.7,50.4,14.3,No,Yes,Urban
STU0250,Navya Malhotra,Male,20,Electronics,5,87.0,91.2,67.7,88.5,84.0,79.3,74.4,70.9,7.0,No,Yes,Semi-Urban
STU0060,Tanvi Kulkarni,Female,19,Information Science,6,92.9,76.2,70.0,91.4,95.9,95.6,76.0,79.3,6.3,Yes,Yes,Urban
STU0241,Nikhil Verma,Male,19,Mechanical,5,74.9,71.2,51.5,62.4,85.2,69.6,70.7,56.0,7.2,No,Yes,Semi-Urban
STU0165,Karan Kapoor,Male,22,Civil,8,69.5,60.0,79.0,72.5,71.5,76.5,76.6,61.8,7.4,No,Yes,Urban
STU0099,Isha Mukherjee,Male,21,Mechanical,6,73.1,83.5,61.2,82.5,68.3,93.3,68.7,66.9,8.5,No,Yes,Rural
STU0229,Aadhya Chauhan,Male,18,Computer Science,8,81.4,39.9,44.6,65.2,54.6,55.3,34.1,33.0,3.6,No,Yes,Urban
STU0169,Advait Patel,Female,20,Information Science,8,100.0,61.9,74.8,100.0,74.0,75.3,76.2,51.9,4.7,No,Yes,Rural
STU0464,Varun Chatterjee,Male,19,Civil,7,75.4,86.4,81.2,100.0,80.4,100.0,79.1,68.6,3.0,Yes,Yes,Semi-Urban
STU0042,Aryan Chatterjee,Male,18,Civil,3,79.6,65.1,56.6,47.0,75.2,64.5,43.0,44.7,5.0,Yes,Yes,Semi-Urban
STU0434,Akash Shah,Male,20,Computer Science,8,87.5,,63.9,41.2,58.0,72.4,44.8,74.3,7.3,Yes,Yes,Rural
STU0293,Aryan Rao,Female,18,Computer Science,3,74.5,100.0,88.0,100.0,86.2,100.0,80.2,86.6,10.0,Yes,Yes,Urban
STU0290,Akash Malhotra,Male,19,Electronics,5,78.4,63.5,74.8,82.9,78.5,67.3,71.2,65.9,0.1,Yes,Yes,Urban
STU0174,Arjun Krishnan,Female,19,Computer Science,1,71.8,62.5,58.3,65.4,62.2,71.5,60.0,58.9,2.9,No,No,Semi-Urban
STU0080,Aryan Yadav,Female,22,Computer Science,6,74.1,41.3,47.8,62.8,57.9,69.6,54.0,55.6,8.2,Yes,No,Urban
STU0295,Nisha Banerjee,Female,24,Mechanical,7,68.2,,44.1,25.6,40.8,62.0,44.7,60.3,5.5,No,Yes,Urban
STU0029,Krishna Kulkarni,Female,18,Computer Science,5,69.5,37.6,39.7,48.5,30.7,34.2,39.4,21.7,6.5,No,No,Urban
STU0437,Ayesha Gupta,Female,20,Computer Science,5,87.1,50.4,30.9,75.1,69.6,62.3,39.6,52.9,3.7,No,Yes,Urban
STU0217,Ishaan Joshi,Female,22,Computer Science,8,90.9,76.1,68.2,50.5,34.8,60.9,53.6,62.9,5.8,Yes,Yes,Semi-Urban
STU0151,Siddharth Chauhan,Female,19,Information Science,4,94.3,69.1,78.2,77.5,59.1,86.1,89.3,77.5,6.8,No,Yes,Urban
STU0359,Yash Naidu,Male,22,Electronics,4,76.2,37.9,30.6,44.8,42.5,40.3,33.3,32.4,5.0,No,Yes,Urban
STU0301,Vivaan Mukherjee,Female,18,Information Science,2,67.9,61.3,64.4,64.1,39.9,60.5,67.8,61.6,0.7,No,Yes,Urban
STU0292,Anika Patel,Female,19,Information Science,3,81.2,63.5,63.1,66.6,67.4,84.7,64.0,60.1,7.9,No,No,Semi-Urban
STU0319,Anika Iyer,Female,19,Computer Science,8,61.2,61.8,63.0,71.3,65.2,57.9,65.2,52.4,6.6,No,Yes,Semi-Urban
STU0335,Ishaan Shah,Male,19,Information Science,6,92.0,72.0,62.0,84.8,75.7,68.9,72.4,75.4,1.6,No,Yes,Urban
STU0058,Ananya Bhatt,Female,18,Computer Science,8,99.6,93.5,84.4,84.3,90.7,84.3,74.7,70.0,6.0,Yes,Yes,Urban
STU0205,Nikhil Mehta,Male,23,Computer Science,7,81.1,85.8,65.5,92.0,60.4,72.0,78.1,71.9,7.3,No,Yes,Urban
STU0063,Vihaan Sharma,Male,18,Electronics,5,84.9,59.6,53.7,73.1,72.5,88.7,72.5,71.7,8.6,No,Yes,Semi-Urban
STU0518,Kabir Pandey,Female,18,Electronics,6,76.7,77.8,90.8,68.2,74.9,92.6,89.0,91.6,6.7,No,No,Semi-Urban
STU0112,Meera Pandey,Male,21,Computer Science,5,86.0,51.8,51.7,46.3,56.6,55.0,42.0,57.9,0.0,Yes,Yes,Urban
STU0195,Karan Kapoor,Female,18,Electronics,5,74.4,77.4,100.0,99.3,63.1,95.7,75.6,81.4,7.3,Yes,Yes,Urban
STU0085,Sara Mishra,Male,20,Computer Science,2,72.3,28.4,32.2,36.4,31.3,24.4,38.6,31.8,4.0,No,Yes,Urban
STU0278,Simran Malhotra,Male,20,Information Science,6,76.4,,48.8,38.1,24.7,38.4,33.7,46.6,2.3,No,No,Urban
STU0458,Aarav Patel,Female,21,Civil,8,98.3,77.9,100.0,87.0,82.2,85.2,100.0,100.0,7.9,Yes,Yes,Rural
STU0274,Aditya Shah,Male,18,Civil,1,79.2,71.0,67.5,70.6,62.1,67.8,59.4,38.1,4.6,Yes,Yes,Urban
STU0530,Dev Kulkarni,Male,22,Computer Science,7,99.9,57.8,80.7,76.5,83.1,90.9,86.3,73.6,8.4,No,Yes,Urban
STU0415,Arjun Mehta,Other,21,Computer Science,4,54.5,96.7,90.9,69.7,75.5,75.9,87.6,73.2,5.6,No,Yes,Rural
STU0388,Kabir Patel,Female,20,Information Science,7,85.9,52.0,64.9,50.7,33.9,55.7,48.3,45.6,4.2,Yes,Yes,Semi-Urban
STU0265,Varun Das,Female,21,Civil,7,,40.0,36.9,20.9,35.5,45.8,42.4,38.6,5.2,Yes,No,Urban
STU0130,Amara Nair,Female,21,Computer Science,7,81.8,59.0,26.8,54.2,34.3,36.9,60.5,50.9,7.1,No,Yes,Semi-Urban
STU0483,Siddharth Mukherjee,Female,21,Information Science,4,87.2,46.6,53.5,78.5,43.8,62.0,66.3,52.2,6.1,No,Yes,Urban
STU0430,Siddharth Gupta,Female,19,Computer Science,6,77.5,84.0,62.5,67.3,83.6,73.6,78.7,62.9,3.2,Yes,Yes,Rural
STU0097,Nikhil Patel,Female,21,Computer Science,1,88.1,84.4,71.3,67.3,97.4,94.4,83.9,81.8,14.6,No,Yes,Urban
STU0470,Divya Nair,Female,21,Information Science,3,89.9,45.3,56.1,49.6,53.3,55.8,40.4,43.7,5.9,No,No,Urban
STU0525,Om Menon,Female,19,Mechanical,6,74.9,58.7,55.0,60.4,47.4,57.8,62.5,61.8,9.1,No,Yes,Urban
STU0178,Dev Rao,Male,18,Computer Science,5,100.0,51.4,62.6,50.2,39.0,55.2,65.4,55.2,5.6,No,Yes,Urban
STU0429,Vihaan Kapoor,Male,18,Mechanical,2,78.5,77.2,83.3,71.2,86.4,87.7,82.0,93.3,7.8,No,No,Urban
STU0550,Saanvi Das,Male,23,Electronics,1,79.7,36.1,38.0,57.2,42.7,56.4,62.6,71.3,2.4,Yes,Yes,Semi-Urban
STU0142,Ananya Krishnan,Female,22,Computer Science,3,91.6,48.2,66.4,34.9,68.4,56.3,56.0,54.5,5.8,No,Yes,Urban
STU0524,Riya Kulkarni,Male,18,Civil,7,89.3,40.6,62.1,63.9,42.9,63.2,53.2,50.1,6.4,No,Yes,Urban
STU0343,Riya Kulkarni,Female,20,Computer Science,4,77.8,76.5,66.3,63.4,53.5,62.0,62.2,38.4,3.5,No,No,Urban
STU0104,Vihaan Iyer,Male,20,Information Science,2,94.0,60.0,74.3,73.3,82.8,85.3,59.1,63.2,7.5,No,Yes,Urban
STU0219,Aarav Chatterjee,Male,19,Information Science,4,100.0,100.0,71.2,100.0,100.0,100.0,100.0,100.0,9.2,Yes,Yes,Urban
STU0236,Aditya Menon,Female,19,Information Science,3,86.0,42.7,27.3,35.5,13.8,42.0,30.4,37.3,8.4,No,Yes,Rural
STU0188,Rohan Sharma,Male,19,Computer Science,5,84.7,94.5,64.3,65.5,77.7,76.1,74.5,81.5,8.4,Yes,Yes,Semi-Urban
STU0506,Kabir Menon,Male,18,Electronics,8,96.6,23.5,10.9,27.3,21.0,26.2,16.8,11.9,3.5,Yes,No,Rural
STU0285,Varun Das,Female,18,Information Science,4,100.0,77.4,46.0,53.8,42.1,55.4,67.6,64.8,0.0,Yes,Yes,Urban
STU0203,Kiara Sharma,Male,21,Computer Science,5,65.9,49.3,49.1,50.8,47.1,54.2,45.6,30.3,5.4,Yes,Yes,Urban
STU0528,Aarav Naidu,Other,22,Computer Science,3,73.7,36.9,39.5,43.5,21.8,28.0,17.6,250.0,4.0,Yes,Yes,Semi-Urban
STU0378,Siddharth Sharma,Male,21,Computer Science,8,96.3,85.6,52.6,79.3,57.8,72.6,55.5,66.9,3.8,Yes,Yes,Urban
STU0389,Riya Kapoor,Female,20,Computer Science,3,100.0,70.1,64.7,69.3,60.9,84.3,65.6,72.5,5.2,No,Yes,Semi-Urban
STU0523,Kiara Iyer,Female,19,Electronics,5,72.5,37.6,40.3,73.2,54.0,82.3,44.4,59.2,8.5,Yes,Yes,Semi-Urban
STU0082,Yash Gupta,Male,19,Electronics,1,63.5,69.3,54.0,60.9,73.2,71.8,52.2,65.8,5.0,No,Yes,Semi-Urban
STU0244,Aadhya Verma,Male,21,Electronics,4,70.2,44.1,50.7,58.6,60.3,77.5,62.2,59.6,4.3,Yes,Yes,Rural
STU0228,Amara Bhatt,Male,23,Electronics,1,76.5,50.8,61.2,50.5,42.1,75.0,53.6,39.1,3.8,Yes,Yes,Urban
STU0320,Kavya Shah,Male,20,Electronics,7,73.3,52.3,85.3,78.3,23.5,64.8,51.9,57.8,6.0,Yes,Yes,Urban
STU0406,Priya Menon,Female,19,Computer Science,2,79.4,21.3,52.6,45.3,47.8,52.4,21.8,37.4,1.6,Yes,No,Rural
STU0087,Zoya Yadav,Female,20,Information Science,6,69.4,59.5,51.7,36.1,49.3,64.2,67.6,53.5,10.0,No,Yes,Semi-Urban
STU0341,Arjun Nair,Female,20,Mechanical,7,100.0,64.5,45.2,51.1,72.5,59.4,50.5,63.8,7.3,No,Yes,Urban
STU0504,Kabir Bose,Male,18,Mechanical,5,77.4,57.9,46.9,71.1,54.8,63.6,81.9,60.4,7.7,No,Yes,Urban
STU0317,Arjun Kulkarni,Female,20,Mechanical,5,75.2,74.8,80.1,60.2,66.2,63.4,78.5,60.1,7.1,Yes,Yes,Semi-Urban
STU0498,Saanvi Das,Female,20,Computer Science,4,71.5,82.3,67.5,89.5,77.2,84.4,70.5,57.9,2.1,Yes,Yes,Semi-Urban
STU0549,Arjun Reddy,Male,19,Information Science,7,93.1,73.1,75.5,88.0,69.2,100.0,86.8,87.8,2.9,Yes,Yes,Rural
STU0054,Kabir Malhotra,Male,20,Civil,7,99.7,85.0,83.9,73.4,64.9,89.4,89.8,85.6,5.6,No,Yes,Rural
STU0475,Aryaman Malhotra,Male,19,Information Science,3,89.5,34.9,60.4,79.8,56.9,67.9,47.4,36.9,3.1,No,Yes,Semi-Urban
STU0172,Aryan Banerjee,Female,21,Computer Science,6,85.7,95.2,92.1,76.3,78.2,82.2,92.2,92.5,3.6,No,Yes,Urban
STU0238,Anika Chauhan,Female,18,Electronics,5,77.4,72.9,69.1,66.5,52.0,72.1,64.5,69.7,11.3,No,Yes,Semi-Urban
STU0201,Ayesha Bose,Male,23,Computer Science,6,48.0,50.9,66.4,42.4,52.9,53.0,38.9,40.7,9.5,Yes,Yes,Urban
STU0329,Tanvi Joshi,Male,19,Electronics,3,72.4,39.9,51.8,37.2,40.1,55.1,35.5,44.2,3.3,Yes,Yes,Urban
STU0140,Advait Banerjee,Male,20,Computer Science,7,80.1,58.9,68.7,61.0,82.3,69.2,77.3,60.2,8.7,No,Yes,Rural
STU0325,Neha Kapoor,Female,20,Information Science,3,64.6,52.6,48.4,69.4,74.9,62.9,55.5,53.4,2.7,Yes,Yes,Urban
STU0408,Ishaan Das,Male,19,Computer Science,3,78.5,67.8,56.4,89.5,65.1,78.7,80.0,68.1,9.4,Yes,Yes,Rural
STU0067,Navya Rao,Male,19,Electronics,3,61.0,81.2,79.2,78.9,57.2,64.5,64.3,70.8,12.2,Yes,Yes,Semi-Urban
STU0486,Simran Shah,Male,18,Information Science,7,100.0,46.5,61.2,75.5,61.1,81.8,63.9,64.6,8.7,No,No,Urban
STU0468,Rahul Verma,Female,20,Information Science,7,78.6,52.6,54.1,40.6,53.3,62.7,65.3,62.9,0.0,No,Yes,Urban
STU0213,Om Patel,Female,20,Computer Science,5,89.9,74.2,47.2,71.8,60.4,72.3,59.6,72.1,2.4,Yes,Yes,Urban
STU0539,Simran Naidu,Female,18,Information Science,2,91.0,69.8,80.6,67.9,65.2,63.7,68.3,61.9,4.2,Yes,Yes,Urban
STU0331,Isha Rao,Female,21,Computer Science,2,64.1,100.0,100.0,96.6,94.3,100.0,98.6,100.0,9.1,Yes,No,Urban
STU0016,Reyansh Das,Female,19,Mechanical,5,90.0,83.2,58.2,56.5,80.2,66.2,58.6,64.1,9.2,No,Yes,Urban
STU0164,Advait Mukherjee,Male,19,Computer Science,6,86.7,79.4,65.7,84.1,87.6,94.4,90.0,76.3,8.2,No,Yes,Rural
STU0345,Siddharth Kapoor,Male,21,Computer Science,7,58.8,86.5,80.6,70.7,80.6,86.0,80.6,92.4,5.8,Yes,Yes,Urban
STU0038,Navya Bose,Male,20,Civil,5,85.1,34.1,59.3,68.6,39.7,46.3,52.7,50.4,1.6,Yes,Yes,Semi-Urban
STU0432,Aryaman Chatterjee,Male,23,Computer Science,6,72.1,18.4,5.0,13.4,20.3,14.1,9.8,9.8,3.1,Yes,Yes,Urban
STU0207,Aarav Reddy,Male,19,Computer Science,4,97.8,66.5,54.3,68.8,63.2,75.5,68.9,63.6,0.5,No,Yes,Urban
STU0370,Zoya Sharma,Male,19,Information Science,4,66.9,67.7,84.0,81.8,74.4,100.0,78.8,69.8,2.7,Yes,Yes,Rural
STU0074,Diya Malhotra,Female,19,Computer Science,4,70.1,42.7,43.0,68.1,46.6,61.1,60.6,54.7,5.9,Yes,Yes,Urban
STU0327,Kavya Rao,Male,23,Computer Science,5,90.8,64.3,40.3,41.0,55.7,69.7,36.3,60.5,12.4,Yes,Yes,Semi-Urban
STU0105,Akash Malhotra,Male,19,Civil,5,79.9,72.0,53.5,29.9,45.5,43.9,46.9,43.4,5.9,No,Yes,Semi-Urban
STU0282,Sai Chauhan,Female,18,Mechanical,3,90.3,71.2,52.7,59.9,69.6,71.1,53.2,62.6,0.9,Yes,Yes,Semi-Urban
STU0017,Divya Bose,Male,20,Electronics,1,57.1,75.7,79.6,85.5,75.5,86.3,74.6,71.9,10.6,No,Yes,Urban
STU0092,Divya Iyer,Male,19,Civil,7,70.9,41.3,65.1,40.3,50.8,51.4,61.8,40.7,0.1,No,Yes,Urban
STU0089,Krishna Chauhan,Female,18,Information Science,5,77.2,57.6,67.9,64.8,88.7,75.9,68.1,54.8,10.2,Yes,Yes,Urban
STU0206,Krishna Chauhan,Female,20,Mechanical,2,60.6,70.2,56.0,45.2,60.5,61.6,52.2,46.0,7.4,No,Yes,Urban
STU0103,Myra Iyer,Female,20,Mechanical,5,69.4,55.3,58.5,83.3,56.8,60.8,64.1,62.3,0.1,Yes,Yes,Urban
STU0239,Krishna Gupta,Male,19,Computer Science,2,77.8,93.0,49.5,77.3,67.4,69.8,57.9,69.5,7.2,No,Yes,Rural
STU0309,Simran Sharma,Male,18,Electronics,1,77.5,76.7,66.8,91.1,84.5,69.8,65.5,64.5,5.4,Yes,Yes,Urban
STU0247,Ayesha Iyer,Male,20,Computer Science,2,56.5,55.4,74.7,63.5,34.8,65.3,55.5,52.3,1.1,No,No,Urban
STU0158,Pooja Naidu,Female,21,Mechanical,1,67.0,53.4,44.0,54.5,43.8,55.9,55.6,51.3,3.8,No,Yes,Semi-Urban
STU0134,Ishaan Rathod,Male,20,Civil,5,87.4,60.0,52.1,69.1,65.3,79.4,73.9,62.2,8.9,Yes,No,Urban
STU0334,Aryaman Joshi,Male,22,Computer Science,5,61.1,50.2,40.8,52.3,33.1,44.3,41.2,42.7,4.1,No,Yes,Rural
STU0351,Ishaan Rao,Female,19,Civil,8,77.9,27.0,58.0,71.0,51.6,50.9,54.9,42.2,8.3,No,Yes,Rural
STU0019,Aryan Bose,Female,20,Information Science,6,85.2,41.0,66.8,83.0,77.6,78.0,75.5,61.9,7.4,No,Yes,Urban
STU0452,Diya Sharma,Male,21,Information Science,1,84.7,83.1,69.9,65.5,79.0,79.9,73.2,79.3,11.0,Yes,Yes,Urban
STU0136,Varun Desai,Female,19,Information Science,2,87.3,84.9,75.6,82.3,71.7,80.6,71.3,86.7,6.0,No,Yes,Urban
STU0296,Diya Joshi,Male,18,Mechanical,6,91.6,34.6,43.0,59.0,45.2,36.9,28.8,41.9,3.9,No,Yes,Urban
STU0275,Siddharth Mishra,Female,21,Information Science,7,71.0,37.5,59.9,64.5,63.1,53.8,38.4,55.7,6.7,No,No,Rural
STU0469,Dev Bhatt,Female,21,Mechanical,6,78.5,68.6,57.8,49.6,61.5,62.5,68.7,39.8,10.3,Yes,Yes,Semi-Urban
STU0358,Ishaan Kapoor,Female,19,Computer Science,2,57.9,54.1,65.2,80.2,58.7,63.0,67.7,45.8,8.6,No,Yes,Semi-Urban
STU0411,Sara Shah,Female,19,Information Science,2,79.7,54.2,65.4,61.5,50.6,57.1,63.3,50.8,9.6,No,Yes,Semi-Urban
STU0269,Siddharth Malhotra,Female,22,Mechanical,4,85.4,40.6,68.5,69.8,62.3,67.1,40.6,38.6,0.0,No,Yes,Urban
STU0035,Meera Kapoor,Female,20,Information Science,5,67.9,68.1,75.0,72.9,76.0,80.7,56.3,46.0,8.0,Yes,Yes,Urban
STU0182,Neha Nair,Female,22,Information Science,8,64.3,44.7,42.5,52.8,63.6,68.8,47.9,51.4,1.8,No,Yes,Urban
STU0185,Amara Iyer,Male,21,Mechanical,3,99.8,68.4,73.7,79.8,57.0,75.4,70.5,61.3,6.0,No,Yes,Semi-Urban
STU0208,Nisha Verma,Female,18,Electronics,6,57.2,47.2,58.7,48.4,20.7,48.4,23.5,37.4,4.9,No,Yes,Semi-Urban
STU0095,Riya Chatterjee,Male,20,Information Science,1,100.0,74.0,80.4,66.1,77.1,75.9,64.5,69.0,2.1,No,Yes,Urban
STU0438,Manav Kulkarni,Female,20,Computer Science,6,82.3,45.5,41.8,47.1,42.9,52.2,44.6,60.8,4.1,No,Yes,Rural
STU0352,Nikhil Shah,Female,22,Mechanical,8,76.5,76.3,52.2,63.9,77.3,69.5,76.6,72.7,0.0,No,Yes,Urban
STU0123,Kabir Das,Male,19,Mechanical,6,88.3,24.8,46.2,29.2,42.0,60.5,41.9,60.0,4.7,No,Yes,Urban
STU0396,Divya Malhotra,Male,20,Information Science,4,71.4,99.6,86.7,98.9,67.4,99.4,86.8,70.7,5.7,Yes,Yes,Rural
STU0079,Manav Yadav,Other,18,Electronics,6,72.5,47.7,69.3,48.6,71.7,63.3,61.9,47.6,6.5,No,Yes,Rural
STU0062,Kavya Gupta,Female,18,Electronics,8,79.4,51.9,52.7,62.4,70.4,82.5,78.8,87.8,8.1,Yes,Yes,Rural
STU0252,Ananya Rathod,Male,23,Computer Science,2,81.6,65.8,57.4,81.7,48.8,69.5,73.7,68.8,3.7,Yes,Yes,Rural
STU0126,Advait Menon,Female,20,Information Science,6,77.0,76.7,94.2,64.0,89.7,79.9,84.6,67.5,10.2,Yes,Yes,Rural
STU0372,Om Rao,Male,22,Electronics,6,57.4,65.7,63.2,70.9,50.6,70.2,67.1,66.3,3.3,No,Yes,Urban
STU0371,Divya Verma,Male,23,Computer Science,1,65.8,44.9,76.3,60.0,62.5,75.5,76.8,78.1,7.6,No,Yes,Urban
STU0546,Krishna Joshi,Female,21,Computer Science,8,72.0,48.6,76.2,54.0,56.9,82.7,70.2,64.9,11.6,No,Yes,Rural
STU0500,Diya Shah,Male,21,Electronics,4,88.2,79.1,78.3,56.6,65.4,76.6,89.9,82.1,11.6,No,Yes,Urban
STU0537,Arjun Pillai,Male,22,Information Science,6,69.1,44.7,62.3,71.0,50.9,53.9,67.9,55.8,11.6,No,Yes,Rural
STU0526,Sara Naidu,Male,21,Computer Science,3,61.7,83.6,45.2,69.4,27.7,79.4,59.6,58.2,2.4,No,Yes,Urban
STU0025,Pooja Mishra,Other,21,Information Science,7,84.8,60.1,84.5,51.0,67.8,79.9,,73.8,8.0,No,Yes,Semi-Urban
STU0492,Varun Gupta,Female,20,Electronics,5,97.7,69.5,56.0,74.1,59.1,70.9,84.2,47.8,9.0,No,Yes,Urban
STU0491,Aarav Das,Other,22,Electronics,4,85.1,66.5,76.2,81.6,61.5,64.0,82.8,61.7,7.8,No,Yes,Rural
STU0424,Aditya Das,Male,24,Electronics,1,65.3,47.0,38.8,44.1,49.6,76.7,47.5,34.5,9.2,No,Yes,Urban
STU0127,Ishaan Nair,Male,18,Computer Science,8,97.5,71.7,66.6,67.4,61.6,76.4,63.6,57.4,4.5,Yes,Yes,Semi-Urban
STU0481,Aryaman Krishnan,Male,22,Civil,2,100.0,62.7,52.2,73.9,31.4,61.4,51.5,36.0,4.3,No,Yes,Urban
STU0427,Meera Desai,Female,18,Electronics,7,83.9,69.2,58.1,71.1,78.8,78.0,66.8,74.6,3.5,No,Yes,Semi-Urban
STU0179,Pooja Rao,Female,20,Electronics,7,83.8,56.0,73.1,59.8,77.5,65.4,70.5,70.9,6.8,No,Yes,Semi-Urban
STU0356,Manav Reddy,Female,21,Computer Science,4,68.4,73.0,79.6,71.8,62.8,69.1,69.6,78.0,3.0,No,Yes,Urban
STU0514,Sai Pandey,Female,20,Information Science,2,82.1,38.4,49.8,92.0,65.1,61.3,59.1,78.8,5.8,Yes,Yes,Urban
STU0442,Aditya Naidu,Male,20,Computer Science,2,78.1,75.5,83.5,66.5,47.2,67.1,61.4,62.4,3.3,No,Yes,Semi-Urban
STU0224,Varun Malhotra,Male,19,Mechanical,5,82.1,28.6,5.3,24.5,30.8,20.8,25.1,20.2,3.6,Yes,Yes,Urban
STU0517,Navya Verma,Male,20,Computer Science,2,100.0,62.1,64.2,87.7,60.7,73.7,83.3,52.7,3.0,No,Yes,Urban
STU0418,Diya Malhotra,Male,21,Mechanical,4,88.9,32.2,65.9,59.5,51.8,48.9,57.2,55.2,0.0,No,Yes,Urban
STU0094,Krishna Joshi,Female,20,Electronics,4,62.6,57.8,61.3,56.9,49.4,51.2,68.2,43.4,2.9,No,Yes,Semi-Urban
STU0070,Aryan Banerjee,Male,18,Computer Science,4,100.0,49.2,73.4,66.9,68.1,58.9,67.4,45.0,5.1,No,Yes,Urban
STU0037,Pooja Mehta,Male,21,Computer Science,6,100.0,100.0,94.4,91.7,77.6,96.9,91.7,100.0,11.4,No,Yes,Urban
STU0297,Aarav Pandey,Female,20,Electronics,4,100.0,77.8,54.3,74.2,81.8,84.7,77.5,68.9,6.7,No,Yes,Rural
STU0161,Kavya Bhatt,Female,20,Information Science,4,68.8,81.6,70.9,84.9,66.1,66.0,64.6,49.2,8.8,Yes,Yes,Urban
STU0012,Neha Krishnan,Female,19,Computer Science,1,,78.2,100.0,79.6,100.0,91.9,93.3,96.4,4.9,No,Yes,Semi-Urban
STU0145,Vihaan Verma,Female,20,Mechanical,1,89.1,21.6,31.0,41.6,17.0,41.3,42.8,43.2,1.2,Yes,Yes,Rural
STU0510,Aryaman Desai,Female,21,Information Science,1,87.6,30.3,56.4,36.0,53.9,53.9,35.9,37.8,4.5,No,Yes,Urban
STU0128,Diya Verma,Other,20,Mechanical,7,78.8,48.2,40.3,61.9,35.3,46.3,43.0,34.8,4.8,No,Yes,Rural
STU0340,Simran Reddy,Male,20,Computer Science,8,62.3,58.5,35.1,36.8,45.8,49.9,60.7,37.9,6.6,No,Yes,Urban
STU0303,Rohan Pandey,Male,19,Mechanical,8,82.3,59.6,79.5,67.1,65.4,57.2,67.4,60.4,3.6,Yes,Yes,Urban
STU0010,Advait Shah,Female,22,Information Science,5,97.3,68.6,51.0,46.4,51.1,74.0,51.1,59.0,6.6,No,No,Semi-Urban
STU0505,Isha Kulkarni,Female,19,Electronics,8,86.4,82.4,79.3,92.2,70.6,83.6,67.2,56.1,4.4,No,Yes,Urban
STU0177,Riya Chauhan,Female,18,Information Science,5,89.1,95.2,67.4,93.0,78.2,80.8,86.7,79.4,8.8,Yes,Yes,Urban
STU0232,Simran Chauhan,Female,21,Computer Science,5,100.0,62.2,60.1,52.2,31.1,65.7,68.3,49.5,4.9,Yes,Yes,Urban
STU0211,Aryaman Banerjee,Female,21,Computer Science,2,75.9,57.7,48.6,61.5,61.8,83.8,72.0,54.0,1.6,Yes,Yes,Urban
STU0129,Yash Shah,Female,18,Mechanical,2,77.0,82.0,58.0,35.0,71.5,69.1,52.0,51.2,2.6,No,Yes,Rural
STU0144,Nikhil Bhatt,Male,21,Computer Science,3,72.3,38.9,53.3,64.0,41.7,52.5,48.9,61.1,3.9,No,Yes,Semi-Urban
STU0242,Aryaman Desai,Male,20,Electronics,7,56.7,54.9,79.8,59.6,45.7,83.1,87.8,73.5,3.9,No,Yes,Semi-Urban
STU0008,Vivaan Joshi,Male,19,Information Science,5,69.1,65.6,80.1,75.6,85.1,81.4,77.3,68.7,4.5,No,Yes,Semi-Urban
STU0299,Aarav Mukherjee,Male,19,Civil,3,87.6,93.2,93.0,98.4,81.8,100.0,85.7,96.7,5.1,Yes,Yes,Urban
STU0311,Arjun Chatterjee,Female,20,Mechanical,3,77.5,53.5,60.9,48.7,59.4,65.2,64.3,66.5,7.1,No,Yes,Urban
STU0255,Saanvi Yadav,Male,18,Computer Science,8,83.2,56.8,55.1,67.8,32.2,59.2,64.8,52.9,5.2,Yes,Yes,Urban
STU0439,Varun Bhatt,Male,20,Computer Science,1,72.7,63.4,28.9,75.2,61.9,66.2,53.7,49.9,4.4,Yes,Yes,Urban
STU0161,Kavya Bhatt,Female,20,Information Science,4,68.8,81.6,70.9,84.9,66.1,66.0,64.6,49.2,8.8,Yes,Yes,Urban
STU0009,Rohan Rao,Male,18,Civil,2,84.2,79.3,87.8,61.1,76.6,89.1,68.8,63.8,9.7,No,No,Semi-Urban
STU0157,Aditya Rathod,Female,20,Computer Science,8,86.0,37.2,64.7,78.8,45.7,65.9,60.3,60.7,4.8,Yes,Yes,Urban
STU0028,Simran Rao,Male,20,Mechanical,5,88.3,58.5,69.9,100.0,64.7,89.0,95.0,68.1,5.3,No,No,Semi-Urban
STU0267,Pooja Naidu,Female,18,Computer Science,4,97.2,83.0,55.0,37.6,65.5,67.5,57.9,45.8,4.7,Yes,Yes,Urban
STU0315,Reyansh Patel,Male,20,Computer Science,8,70.4,41.3,58.1,47.8,76.1,58.1,46.6,58.9,,Yes,Yes,Semi-Urban
STU0065,Akash Shah,Male,21,  CIVIL  ,3,95.7,86.8,72.0,91.5,89.2,93.4,97.8,94.1,9.9,No,Yes,Urban
STU0387,Rohan Iyer,Female,18,Information Science,4,97.1,59.2,58.8,72.8,69.6,64.0,66.5,64.4,2.3,No,Yes,Rural
STU0256,Fatima Bose,Female,23,Civil,3,94.8,85.3,77.4,85.1,100.0,92.1,91.5,78.4,8.0,No,Yes,Semi-Urban
STU0507,Krishna Nair,Male,19,Computer Science,1,81.8,52.4,77.6,60.9,38.7,70.2,53.6,55.9,3.2,Yes,Yes,Semi-Urban
STU0154,Akash Iyer,Female,21,Computer Science,3,81.4,58.4,83.4,61.1,92.5,90.6,75.0,88.2,5.1,No,Yes,Semi-Urban
STU0049,Simran Rao,Male,21,Civil,6,75.3,47.6,26.5,30.1,38.3,31.0,36.9,33.5,4.9,No,Yes,Semi-Urban
STU0209,Reyansh Chauhan,Male,18,Electronics,2,85.1,85.0,51.6,58.1,57.2,71.1,52.5,63.3,1.5,No,Yes,Semi-Urban
STU0288,Akash Malhotra,Male,18,Electronics,4,100.0,85.5,73.4,58.2,37.4,79.4,59.0,53.9,9.9,Yes,No,Semi-Urban
STU0002,Arjun Gupta,Female,19,Computer Science,8,77.0,63.3,88.4,66.9,73.5,84.9,78.3,65.0,12.2,Yes,Yes,Urban
STU0342,Akash Malhotra,Female,22,Computer Science,1,97.3,86.3,88.8,85.5,80.1,91.3,86.5,84.4,4.4,No,Yes,Urban
STU0270,Akash Shah,Male,21,  MECHANICAL  ,1,79.2,33.2,83.4,83.4,62.9,66.8,78.9,61.7,3.2,No,No,Urban
STU0266,Amara Bose,Male,22,Mechanical,4,86.8,67.6,63.8,66.5,78.4,71.3,85.7,64.1,4.2,No,Yes,Semi-Urban
STU0390,Isha Kulkarni,Male,21,Civil,5,88.7,34.0,51.2,51.6,52.2,47.9,29.2,47.2,5.5,No,Yes,Urban
STU0398,Amara Iyer,Female,20,Civil,2,94.8,78.6,61.3,45.2,85.6,74.1,70.9,58.7,6.2,No,Yes,Urban
STU0369,Kiara Das,Female,20,Mechanical,8,63.5,45.4,52.1,59.6,43.9,47.8,47.3,50.7,4.2,No,No,Semi-Urban
STU0096,Amara Rathod,Female,18,Computer Science,5,92.0,81.8,81.7,80.6,91.6,92.9,97.9,72.7,4.6,No,Yes,Rural
STU0532,Sara Pandey,Male,22,  ELECTRONICS  ,8,81.9,35.4,46.5,40.7,42.8,56.5,33.6,45.8,,Yes,Yes,Urban
STU0353,Amara Das,Female,21,Electronics,2,75.6,73.8,79.0,80.1,50.1,88.4,74.4,72.1,7.2,No,Yes,Urban
STU0043,Nisha Pillai,Male,19,Computer Science,4,86.7,67.1,69.8,80.2,59.1,64.5,62.1,68.7,1.2,No,Yes,Rural
STU0362,Aadhya Malhotra,Male,19,Electronics,8,91.4,33.8,43.5,32.9,60.6,51.6,60.2,51.2,9.1,No,Yes,Rural
STU0379,Sara Iyer,Female,21,Information Science,4,100.0,72.6,80.4,86.4,96.6,94.9,83.0,94.1,8.0,Yes,Yes,Rural
STU0117,Sara Yadav,Female,19,Electronics,5,88.0,88.5,90.1,100.0,95.8,89.0,95.8,79.8,3.7,Yes,Yes,Semi-Urban
STU0046,Ananya Das,Male,19,Electronics,1,79.8,49.9,55.1,71.7,59.0,70.6,68.7,51.8,2.7,Yes,Yes,Semi-Urban
STU0162,Om Desai,Male,20,Electronics,2,94.3,58.0,63.4,49.8,85.5,74.6,75.6,53.3,4.5,Yes,Yes,Rural
STU0461,Sara Mishra,Female,20,Computer Science,3,100.0,56.7,53.7,73.1,58.1,66.3,53.5,55.8,5.3,Yes,Yes,Urban
STU0118,Karan Das,Male,20,Civil,5,87.3,84.5,80.4,73.5,80.6,75.9,75.6,67.3,,Yes,Yes,Urban
STU0289,Om Gupta,Female,23,Information Science,1,82.4,80.5,76.2,52.1,90.6,57.0,64.3,53.0,3.8,No,Yes,Urban
STU0078,Karan Iyer,Female,21,Mechanical,5,95.0,56.3,74.4,65.5,45.1,72.3,50.1,67.9,5.3,Yes,Yes,Urban
STU0465,Anika Das,Male,21,Electronics,6,73.1,43.3,50.9,24.0,38.9,64.1,59.4,59.3,4.4,No,Yes,Urban
STU0064,Ishaan Pandey,Female,19,Information Science,7,77.8,100.0,100.0,97.1,100.0,100.0,95.3,92.6,7.5,No,Yes,Urban
STU0339,Ayesha Rathod,Male,19,Civil,2,81.7,58.5,63.9,70.0,43.9,67.4,68.7,71.4,3.2,Yes,Yes,Semi-Urban
STU0493,Simran Mehta,Male,19,Computer Science,8,77.5,91.8,64.6,74.9,72.3,97.7,85.6,93.5,8.5,No,Yes,Urban
STU0462,Siddharth Krishnan,Female,21,Mechanical,5,94.9,43.2,57.7,48.8,60.7,56.6,41.1,55.4,7.6,No,Yes,Urban
STU0231,Diya Iyer,Female,18,Civil,8,64.3,81.6,80.6,79.2,73.9,73.3,61.0,55.0,1.8,Yes,Yes,Urban
STU0298,Vivaan Rathod,Male,19,Electronics,8,71.1,69.0,70.3,78.6,60.9,78.0,79.2,59.1,6.8,Yes,Yes,Semi-Urban
STU0187,Reyansh Kapoor,Male,23,Civil,8,79.7,60.5,65.7,75.6,72.1,83.2,67.7,70.2,6.9,No,Yes,Urban
STU0404,Om Yadav,Female,18,Electronics,8,80.3,95.1,93.0,77.4,100.0,100.0,94.5,100.0,4.9,Yes,No,Rural
STU0200,Vihaan Naidu,Male,21,Electronics,6,79.2,96.0,89.7,76.5,79.9,97.6,81.8,68.9,10.6,No,Yes,Rural
STU0366,Pooja Pillai,Male,22,Civil,7,,65.0,38.0,54.9,46.8,58.4,55.5,53.7,9.6,No,Yes,Semi-Urban
STU0410,Aarav Krishnan,Male,20,Mechanical,2,91.2,87.5,64.6,61.2,95.4,90.0,67.7,65.8,4.5,Yes,Yes,Semi-Urban
STU0122,Ritvik Menon,Male,22,Computer Science,4,83.0,82.5,67.2,92.0,58.6,70.8,82.3,72.0,8.8,No,Yes,Semi-Urban
STU0535,Karan Rathod,Male,22,Information Science,2,89.4,20.0,32.6,21.7,20.8,34.7,37.4,47.6,1.8,Yes,Yes,Urban
STU0248,Rohan Shah,Male,21,Computer Science,6,89.6,61.5,46.7,65.4,47.2,52.5,52.8,48.4,3.0,No,Yes,Rural
STU0308,Yash Shah,Male,21,Information Science,4,71.1,50.1,33.6,25.3,44.2,54.8,28.7,30.8,6.4,No,Yes,Urban
STU0531,Sara Malhotra,Male,20,Civil,2,99.0,53.1,38.2,40.9,31.3,57.2,45.3,40.1,5.8,Yes,Yes,Semi-Urban
STU0364,Kavya Chauhan,Female,20,Electronics,3,75.6,63.6,61.4,91.0,75.3,65.4,73.9,68.4,6.5,No,No,Urban
STU0159,Aadhya Joshi,Female,18,Electronics,6,81.1,68.8,44.3,52.7,27.9,49.3,39.8,29.8,4.4,No,No,Urban
STU0086,Arjun Rao,Female,18,Computer Science,7,90.9,57.5,54.9,73.5,57.2,69.6,70.2,46.8,7.4,Yes,Yes,Urban
STU0226,Siddharth Joshi,Male,20,Electronics,6,100.0,67.9,51.2,75.5,64.9,62.6,59.2,57.6,0.0,No,Yes,Semi-Urban
STU0377,Anika Joshi,Female,20,Computer Science,7,81.4,69.3,76.9,83.8,53.8,81.4,50.3,61.7,1.1,No,No,Urban
STU0263,Nisha Rao,Female,22,Electronics,1,86.7,63.2,76.6,68.3,61.9,70.8,69.3,85.3,6.4,No,Yes,Urban
STU0332,Myra Chauhan,Female,21,Mechanical,8,90.9,67.1,91.9,84.8,89.9,82.2,72.4,69.2,0.0,No,Yes,Semi-Urban
STU0476,Nikhil Rathod,Female,20,Electronics,7,82.6,60.8,80.7,63.4,77.5,76.9,67.5,72.1,4.4,No,Yes,Urban
STU0077,Kabir Desai,Male,19,Computer Science,7,100.0,89.8,62.8,79.9,87.7,68.1,85.0,74.3,0.0,No,Yes,Semi-Urban
STU0529,Nikhil Kapoor,Female,19,Computer Science,3,78.6,67.8,64.4,76.6,86.6,63.0,86.2,53.9,9.8,No,Yes,Rural
STU0444,Aditya Rao,Female,21,Information Science,5,83.4,64.6,77.5,56.2,64.8,66.9,71.6,77.4,6.6,No,Yes,Semi-Urban
STU0088,Meera Menon,Male,21,Computer Science,6,89.7,75.8,75.1,67.9,65.4,73.9,74.0,59.0,1.6,No,Yes,Semi-Urban
STU0296,Diya Joshi,Male,18,Mechanical,6,91.6,34.6,43.0,59.0,45.2,36.9,28.8,41.9,3.9,No,Yes,Urban
STU0183,Siddharth Banerjee,Female,20,Information Science,1,66.0,72.8,78.3,61.0,50.7,94.8,57.5,57.8,1.1,Yes,Yes,Urban
STU0106,Karan Gupta,Male,22,Mechanical,2,70.3,62.7,45.3,33.5,43.7,58.9,53.3,58.0,0.6,Yes,Yes,Semi-Urban
STU0474,Akash Naidu,Male,22,Civil,5,57.6,30.0,34.9,53.3,48.6,51.4,41.8,36.7,4.6,Yes,No,Semi-Urban
STU0050,Ananya Joshi,Male,21,Electronics,3,87.4,61.9,95.1,78.6,73.1,76.1,73.7,65.7,3.0,No,Yes,Urban
STU0451,Kabir Banerjee,Male,20,Mechanical,2,88.4,78.2,84.5,66.6,51.4,59.2,60.3,56.1,1.6,No,Yes,Semi-Urban
STU0006,Yash Reddy,Male,21,Electronics,4,79.8,61.5,52.6,72.8,62.5,72.6,46.4,47.2,6.1,No,Yes,Urban
STU0018,Kavya Krishnan,Male,20,Computer Science,3,71.6,62.3,68.7,82.9,72.9,88.0,62.7,43.3,10.0,No,No,Urban
STU0235,Meera Joshi,Male,19,Electronics,5,88.2,31.2,63.6,41.9,34.7,63.8,45.5,58.5,6.2,No,Yes,Urban
STU0494,Siddharth Nair,Male,21,Electronics,1,73.4,37.7,65.3,45.4,39.1,57.3,40.0,46.4,8.6,No,Yes,Urban
STU0373,Manav Menon,Male,21,Computer Science,4,62.7,67.6,57.2,50.2,66.3,63.0,42.0,42.7,9.3,Yes,Yes,Urban
STU0472,Diya Iyer,Male,20,Information Science,8,82.9,25.8,45.1,50.5,45.6,75.8,57.9,50.2,6.5,Yes,Yes,Semi-Urban
STU0107,Karan Rathod,Other,19,Information Science,1,74.8,48.2,69.2,29.1,66.2,57.6,41.1,65.1,0.0,Yes,Yes,Urban
STU0419,Reyansh Bose,Male,18,Information Science,7,71.1,89.0,63.4,98.2,40.3,79.0,83.5,85.9,1.7,No,Yes,Urban
STU0135,Aadhya Chauhan,Other,20,Computer Science,1,65.8,56.0,65.4,44.2,40.4,47.0,58.1,34.0,14.5,No,Yes,Urban
STU0479,Aarav Pandey,Female,22,Computer Science,6,83.0,65.8,91.1,87.3,68.1,97.0,89.6,100.0,5.8,Yes,Yes,Urban
STU0227,Nikhil Naidu,Male,18,Computer Science,8,90.2,35.0,10.7,25.8,43.3,41.1,25.2,28.3,1.8,No,Yes,Urban
STU0215,Simran Pandey,Male,20,  INFORMATION SCIENCE  ,4,75.4,63.2,61.2,67.5,47.6,59.0,64.5,68.6,7.7,Yes,Yes,Semi-Urban
STU0191,Aryan Banerjee,Female,20,Civil,1,81.0,45.8,65.7,83.6,50.9,52.5,64.6,61.9,3.3,No,Yes,Urban
STU0253,Ananya Pandey,Male,19,Computer Science,5,86.2,65.4,54.5,58.9,41.6,58.4,60.7,34.2,6.2,No,Yes,Urban
STU0321,Aarav Rathod,Male,18,Computer Science,3,71.1,68.3,69.9,38.8,57.5,80.0,80.3,62.0,10.9,No,Yes,Semi-Urban
STU0283,Aarav Naidu,Other,21,  INFORMATION SCIENCE  ,7,89.6,83.0,94.7,95.6,100.0,85.1,80.1,94.8,10.6,No,No,Urban
STU0030,Simran Krishnan,Female,18,Mechanical,7,83.0,58.5,50.1,56.7,56.6,82.3,53.7,36.5,5.6,No,Yes,Urban
STU0170,Isha Pillai,Male,20,Information Science,1,90.5,36.9,38.9,26.3,40.6,58.1,37.3,25.6,7.5,Yes,Yes,Urban
STU0181,Rahul Banerjee,Male,18,Electronics,4,74.8,31.6,44.2,53.3,47.7,45.4,63.0,31.4,1.3,Yes,Yes,Urban
STU0101,Sara Menon,Female,19,Civil,5,80.5,96.1,65.5,59.1,70.7,76.7,70.2,74.3,9.5,Yes,Yes,Urban
STU0198,Rahul Iyer,Female,20,Electronics,3,95.5,86.4,81.1,100.0,50.8,75.2,70.0,81.4,9.8,No,Yes,Semi-Urban
STU0210,Aarav Mukherjee,Female,20,Information Science,3,77.2,97.5,97.4,98.9,94.4,99.2,92.8,83.6,9.0,No,Yes,Rural
STU0136,Varun Desai,Female,19,Information Science,2,87.3,84.9,75.6,82.3,71.7,80.6,71.3,86.7,6.0,No,Yes,Urban
STU0208,Nisha Verma,Female,18,Electronics,6,57.2,47.2,58.7,48.4,20.7,48.4,23.5,37.4,4.9,No,Yes,Semi-Urban
STU0512,Sai Bhatt,Female,18,Mechanical,1,82.1,75.8,90.7,78.9,88.4,88.6,81.3,-5.0,2.4,No,Yes,Urban
STU0199,Riya Desai,Female,22,Civil,3,80.4,70.6,52.4,66.8,67.1,76.1,62.1,77.3,6.4,Yes,Yes,Urban
STU0374,Simran Menon,Male,22,Information Science,7,90.3,93.2,94.5,94.2,95.4,84.4,89.7,85.0,6.4,Yes,Yes,Urban
STU0167,Simran Rathod,Female,20,Computer Science,2,91.4,50.9,46.8,60.4,50.4,56.0,40.1,45.6,1.8,No,Yes,Rural
STU0459,Aryan Verma,Male,20,Information Science,2,83.8,76.9,64.5,74.6,67.2,72.2,46.7,42.3,4.9,No,Yes,Urban
STU0137,Sai Menon,Male,21,Information Science,2,81.2,65.7,82.7,45.9,85.8,83.9,80.9,54.1,9.1,No,Yes,Urban
STU0286,Yash Gupta,Female,20,Computer Science,7,73.3,85.4,72.1,96.9,82.4,83.7,100.0,89.6,9.0,Yes,Yes,Urban
STU0336,Rahul Gupta,Male,21,Information Science,8,75.6,64.5,73.1,51.9,69.9,67.0,59.9,55.2,6.3,No,Yes,Rural
STU0397,Vivaan Das,Male,20,Computer Science,8,63.4,61.6,50.9,50.9,61.1,56.6,58.1,66.2,5.9,No,Yes,Rural
STU0414,Siddharth Nair,Female,20,Computer Science,7,67.0,71.4,61.4,54.2,68.7,59.2,50.2,61.6,7.9,Yes,No,Urban
STU0132,Nikhil Das,Female,19,Information Science,7,72.5,69.1,55.2,58.6,49.9,67.9,49.7,52.0,7.2,No,Yes,Semi-Urban
STU0040,Kabir Krishnan,Male,22,Mechanical,4,69.2,69.1,62.3,70.2,64.0,62.5,59.4,82.0,3.2,Yes,Yes,Semi-Urban
STU0488,Yash Yadav,Female,19,Mechanical,3,73.7,26.5,49.0,50.9,32.2,43.8,43.6,45.5,1.8,Yes,Yes,Rural
STU0216,Om Mukherjee,Male,21,Electronics,4,86.1,99.0,95.0,100.0,80.5,99.5,100.0,86.9,8.6,Yes,Yes,Rural
STU0044,Ishaan Verma,Male,21,Mechanical,4,80.4,77.8,76.4,92.5,79.1,86.6,81.0,82.0,0.5,No,Yes,Rural
STU0055,Anika Iyer,Male,22,Information Science,6,98.8,38.8,55.7,50.7,48.7,89.9,79.7,58.6,5.7,No,Yes,Urban
STU0541,Siddharth Rao,Male,20,Information Science,7,72.4,100.0,100.0,100.0,97.0,100.0,98.3,82.7,6.6,No,Yes,Semi-Urban
STU0457,Saanvi Chatterjee,Male,20,Civil,5,91.2,75.5,51.3,54.9,35.3,60.1,58.7,49.8,4.0,No,Yes,Urban
STU0300,Akash Kulkarni,Male,18,Computer Science,7,100.0,79.8,52.8,86.6,61.9,63.4,68.0,74.0,5.7,No,Yes,Urban
STU0261,Arjun Reddy,Male,18,Mechanical,1,95.0,45.4,62.3,37.0,65.7,57.1,56.0,45.4,6.9,No,No,Urban
STU0305,Isha Mishra,Female,19,Information Science,6,100.0,98.3,99.2,90.3,73.3,77.4,80.8,68.7,7.3,Yes,Yes,Urban
STU0036,Saanvi Banerjee,Female,18,Mechanical,2,71.4,67.8,86.2,94.8,71.8,80.9,74.3,79.0,4.7,No,Yes,Urban
STU0316,Anika Reddy,Female,20,Electronics,1,87.2,77.3,55.2,38.4,55.1,72.9,60.3,56.0,1.4,No,Yes,Rural
STU0400,Dev Kulkarni,Male,21,Civil,7,84.1,97.0,95.9,95.9,86.8,87.0,89.2,100.0,5.2,Yes,Yes,Urban
STU0310,Sneha Bhatt,Female,22,Mechanical,6,80.9,78.1,44.0,67.0,87.3,81.8,72.8,68.8,1.9,No,Yes,Urban
STU0277,Divya Nair,Male,21,Computer Science,7,78.3,60.3,86.0,82.5,68.6,78.0,71.2,66.3,10.8,Yes,Yes,Rural
STU0125,Vivaan Shah,Female,19,Information Science,5,63.9,95.4,91.2,91.3,98.6,94.1,91.6,91.1,3.3,No,Yes,Urban
STU0143,Fatima Mishra,Male,19,Mechanical,3,85.2,72.2,93.3,73.5,78.1,83.1,85.0,82.8,7.5,No,Yes,Semi-Urban
STU0111,Rohan Pandey,Male,19,  COMPUTER SCIENCE  ,4,55.1,68.4,86.2,65.9,65.1,89.7,76.3,71.5,2.1,No,Yes,Semi-Urban
STU0324,Reyansh Pillai,Male,18,Information Science,3,69.0,46.8,54.0,75.5,54.5,75.4,40.2,42.7,6.7,Yes,No,Urban
STU0333,Sara Joshi,Female,18,Information Science,3,75.5,57.9,42.6,49.9,44.9,51.3,48.2,45.6,5.0,Yes,Yes,Rural
STU0394,Sneha Patel,Male,19,Electronics,4,85.9,58.5,65.7,62.5,63.0,62.4,43.2,62.6,3.5,No,Yes,Semi-Urban
STU0234,Kabir Nair,Male,20,Electronics,5,75.9,58.5,64.0,72.2,71.0,81.3,70.4,59.0,6.6,Yes,Yes,Rural
STU0108,Rohan Rao,Female,20,Information Science,4,88.6,93.2,85.0,100.0,63.9,78.1,71.6,64.5,1.2,Yes,No,Semi-Urban
STU0520,Anika Pandey,Female,21,Information Science,2,75.7,85.7,78.4,70.1,81.3,91.0,93.5,97.8,4.2,No,Yes,Urban
STU0013,Rohan Bhatt,Male,20,Civil,5,83.0,61.4,66.1,64.1,50.3,67.0,58.7,75.3,4.7,Yes,Yes,Urban
STU0273,Simran Krishnan,Male,21,Information Science,7,65.7,66.8,63.7,100.0,58.4,64.2,69.8,66.9,4.6,No,Yes,Urban
STU0048,Aryan Bose,Female,21,Electronics,5,88.9,69.9,53.8,69.9,41.9,61.1,64.7,115.0,6.6,No,Yes,Urban
STU0443,Pooja Naidu,Female,19,Information Science,4,64.2,48.2,78.5,57.9,50.9,75.3,64.4,82.4,5.4,Yes,Yes,Rural
STU0204,Rahul Chatterjee,Male,20,Civil,1,83.9,28.2,62.4,44.5,39.1,52.0,49.2,59.8,3.8,Yes,Yes,Urban
STU0508,Kabir Sharma,Female,21,Electronics,2,78.4,68.2,56.5,78.4,89.9,82.3,79.2,77.8,4.4,Yes,Yes,Urban
STU0120,Rahul Desai,Male,19,Computer Science,1,91.3,64.1,87.9,65.8,56.0,70.7,52.5,69.7,4.8,No,No,Urban
STU0022,Aadhya Menon,Male,18,Electronics,8,100.0,73.3,73.8,62.5,63.2,60.5,49.5,40.5,6.6,Yes,No,Semi-Urban
STU0403,Arjun Krishnan,Male,18,Civil,2,65.3,26.4,25.6,35.6,24.1,36.3,34.7,20.1,2.5,No,Yes,Urban
STU0435,Meera Patel,Other,20,Mechanical,8,95.2,59.0,59.4,50.5,53.0,85.9,70.9,66.2,4.8,No,Yes,Semi-Urban
STU0084,Ananya Pandey,Male,24,Computer Science,2,91.0,34.9,36.8,65.8,21.1,44.1,52.4,54.8,10.3,No,Yes,Rural
STU0131,Meera Chatterjee,Female,21,Electronics,8,67.5,58.3,70.5,62.6,54.9,57.7,53.8,67.7,6.8,Yes,Yes,Urban
STU0416,Tanvi Rao,Male,21,Electronics,3,78.1,98.4,75.0,90.5,80.9,80.7,82.7,76.3,8.8,Yes,Yes,Semi-Urban
STU0384,Sai Das,Female,19,Information Science,5,83.3,27.0,37.9,47.7,58.4,49.3,35.3,46.7,6.3,No,Yes,Urban
STU0466,Riya Kulkarni,Female,21,Mechanical,4,88.9,66.1,65.7,72.3,45.0,72.3,56.3,47.8,1.1,Yes,Yes,Urban
STU0478,Fatima Pandey,Male,19,Computer Science,2,65.2,57.3,82.8,61.8,56.4,69.7,53.0,54.3,8.1,Yes,Yes,Semi-Urban
STU0330,Navya Rathod,Other,22,Information Science,1,80.2,74.9,83.9,85.0,99.6,77.1,100.0,82.5,6.5,Yes,Yes,Semi-Urban
STU0230,Ishaan Malhotra,Male,20,Information Science,2,75.9,54.0,46.1,23.1,21.7,41.0,34.9,19.2,5.1,No,Yes,Semi-Urban
STU0307,Zoya Menon,Female,18,Computer Science,3,85.1,42.0,40.5,24.8,33.3,37.3,39.0,36.9,7.0,No,Yes,Urban
STU0287,Akash Menon,Female,20,Computer Science,4,72.8,65.5,47.6,31.3,53.1,60.8,43.8,41.3,3.8,Yes,Yes,Urban
STU0124,Priya Verma,Female,22,Computer Science,3,84.0,75.0,84.2,100.0,78.3,94.7,79.7,86.7,3.7,No,Yes,Semi-Urban
STU0034,Aryan Bose,Male,20,Information Science,1,72.5,78.4,80.9,73.7,73.6,73.1,65.3,81.0,3.1,Yes,Yes,Urban
STU0276,Tanvi Pandey,Female,22,Civil,2,99.3,85.7,66.2,88.1,85.9,69.3,62.3,66.3,8.0,Yes,No,Rural
STU0005,Akash Rao,Male,21,Electronics,4,60.7,34.3,27.0,41.5,28.4,38.6,27.7,29.2,0.7,No,Yes,Urban
STU0412,Ishaan Mishra,Female,18,Information Science,7,82.6,46.6,81.9,61.9,43.6,80.5,71.5,63.5,6.9,Yes,Yes,Rural
STU0020,Ritvik Chatterjee,Female,21,Civil,2,67.3,41.9,76.7,74.9,90.5,77.1,83.5,70.5,0.0,Yes,Yes,Semi-Urban
STU0509,Divya Desai,Male,19,Electronics,8,82.6,69.4,88.4,78.3,85.9,89.9,78.3,91.4,13.2,No,Yes,Urban
STU0220,Arjun Pandey,Male,22,Mechanical,2,61.1,43.6,58.9,46.6,51.4,61.2,49.7,57.2,1.5,Yes,Yes,Urban
STU0380,Krishna Malhotra,Female,21,Information Science,2,80.1,80.7,46.5,68.9,54.1,72.6,40.0,48.9,3.9,No,Yes,Urban
STU0068,Zoya Iyer,Female,21,Computer Science,6,58.9,48.2,16.1,53.6,45.5,41.7,59.4,43.6,2.7,No,Yes,Semi-Urban
STU0482,Karan Yadav,Male,21,Electronics,1,93.3,68.3,57.6,50.9,43.3,56.3,52.7,64.7,3.9,No,Yes,Semi-Urban
STU0420,Karan Verma,Male,18,Computer Science,8,93.6,61.5,75.7,63.7,76.1,80.0,63.3,89.6,1.9,No,Yes,Urban
STU0357,Siddharth Das,Male,21,Electronics,7,84.5,100.0,73.6,100.0,92.1,100.0,97.7,86.3,6.3,No,Yes,Urban
STU0150,Ishaan Mehta,Male,21,Mechanical,3,,64.4,50.6,69.6,61.4,85.1,61.2,66.8,1.8,No,Yes,Urban
STU0225,Krishna Chauhan,Female,20,Computer Science,2,70.0,74.4,57.7,71.7,71.8,65.5,53.5,79.0,9.0,No,Yes,Urban
STU0093,Saanvi Krishnan,Male,20,Information Science,3,76.3,68.7,66.6,65.8,50.7,73.8,79.6,68.4,5.4,Yes,Yes,Urban
STU0152,Sneha Sharma,Female,18,Information Science,8,63.2,76.6,67.0,68.3,75.7,76.0,54.5,70.8,7.4,Yes,No,Urban
STU0544,Simran Bhatt,Female,21,Computer Science,3,80.5,50.5,45.7,51.0,71.0,57.5,60.5,76.6,,No,Yes,Urban
STU0318,Dev Menon,Male,21,Electronics,6,82.4,88.1,84.1,89.1,63.4,69.6,73.5,62.6,3.7,No,Yes,Urban
STU0449,Sai Mukherjee,Female,22,Information Science,4,93.5,60.5,80.0,85.3,76.4,88.5,64.5,60.1,5.1,Yes,Yes,Rural
STU0280,Manav Chauhan,Female,22,Computer Science,4,98.9,66.4,61.0,72.4,52.5,63.1,51.3,52.7,6.0,Yes,Yes,Urban
STU0350,Divya Naidu,Female,21,Information Science,4,78.8,53.9,50.9,60.8,57.7,59.9,60.0,52.4,3.5,Yes,No,Urban
STU0375,Diya Bose,Male,20,Computer Science,8,62.3,50.6,55.6,65.6,70.9,73.3,54.9,57.3,13.4,Yes,Yes,Semi-Urban
STU0401,Om Bose,Male,21,Mechanical,1,80.8,71.3,58.3,81.4,48.4,72.5,59.1,115.0,12.0,No,Yes,Semi-Urban
STU0258,Tanvi Rathod,Female,21,Computer Science,5,66.5,49.8,42.9,49.2,57.4,57.9,40.5,44.2,0.0,Yes,Yes,Urban
STU0073,Yash Bose,Female,18,Computer Science,6,94.7,86.3,90.6,69.5,91.5,78.7,80.4,78.0,5.4,No,Yes,Semi-Urban
STU0196,Akash Chatterjee,Female,18,Electronics,3,68.2,64.9,44.0,72.7,47.7,87.2,63.1,63.8,3.4,No,Yes,Urban
STU0484,Akash Iyer,Female,21,Mechanical,2,93.3,53.8,48.4,55.0,62.6,42.3,57.2,40.5,2.7,Yes,Yes,Rural
STU0138,Kavya Banerjee,Male,20,Electronics,1,66.6,67.2,92.4,77.1,40.2,92.6,73.1,66.5,6.8,Yes,Yes,Semi-Urban
STU0495,Fatima Pandey,Male,18,Computer Science,2,91.7,61.5,71.4,60.0,77.0,71.6,78.9,48.4,6.7,Yes,No,Rural
STU0463,Isha Reddy,Male,20,Civil,3,80.8,21.9,43.7,43.1,12.6,24.3,28.6,46.3,8.7,Yes,No,Urban
STU0202,Advait Pillai,Female,21,Mechanical,2,71.1,55.9,61.4,76.7,45.8,64.1,59.1,58.0,8.7,Yes,Yes,Semi-Urban
STU0313,Arjun Malhotra,Male,18,Computer Science,7,78.5,51.0,71.9,57.0,61.3,79.4,64.9,43.6,,Yes,Yes,Urban
STU0291,Sai Malhotra,Male,21,Information Science,3,76.4,34.6,50.5,53.1,57.6,64.1,52.8,55.0,5.7,No,Yes,Rural
STU0190,Simran Krishnan,Female,19,Electronics,6,75.4,33.4,39.6,46.2,34.8,49.4,42.9,44.7,,No,Yes,Semi-Urban
STU0113,Kabir Chatterjee,Female,18,Computer Science,1,72.0,55.0,64.2,45.7,47.5,58.7,37.5,48.7,4.9,No,Yes,Semi-Urban
STU0184,Tanvi Krishnan,Male,22,Computer Science,6,72.4,64.3,57.7,61.3,66.2,70.6,47.9,43.4,4.6,No,Yes,Semi-Urban
STU0153,Arjun Gupta,Male,20,Information Science,7,80.8,71.1,70.0,83.0,57.8,74.3,59.7,68.4,9.1,No,Yes,Rural
STU0326,Anika Bose,Male,19,Computer Science,8,92.9,99.9,100.0,100.0,81.7,87.7,90.3,75.9,11.9,Yes,Yes,Semi-Urban
STU0045,Arjun Banerjee,Female,20,Electronics,8,87.3,77.3,70.0,56.6,27.3,77.0,72.2,54.9,8.4,Yes,Yes,Urban
STU0445,Saanvi Mehta,Male,18,Computer Science,5,75.7,56.3,62.1,65.4,42.8,69.0,49.7,66.4,6.0,Yes,Yes,Rural
STU0007,Kiara Yadav,Female,18,Electronics,3,100.0,72.1,71.9,72.9,72.8,93.5,81.2,75.5,11.9,No,Yes,Rural
STU0251,Varun Gupta,Female,19,Civil,7,71.7,78.5,59.6,68.0,66.2,90.3,67.3,69.5,8.7,Yes,Yes,Semi-Urban
STU0076,Amara Krishnan,Female,22,Mechanical,4,93.6,45.9,36.4,42.6,39.9,40.9,45.6,64.6,4.2,No,Yes,Semi-Urban
STU0513,Riya Mukherjee,Male,22,Information Science,5,70.4,58.7,49.4,40.5,35.9,41.7,35.9,16.0,4.0,No,Yes,Semi-Urban
STU0392,Vivaan Malhotra,Female,20,Mechanical,6,73.8,40.3,100.0,68.4,79.0,74.9,76.0,70.9,2.1,Yes,Yes,Semi-Urban
STU0433,Aadhya Mukherjee,Male,20,Civil,5,100.0,64.0,78.6,75.0,62.0,80.3,55.3,74.4,6.1,Yes,Yes,Urban
STU0069,Rahul Verma,Other,22,Civil,3,78.5,72.6,72.7,60.7,57.7,73.1,60.5,45.6,9.9,No,Yes,Urban
STU0168,Sai Kulkarni,Female,21,Computer Science,2,81.9,54.2,79.7,68.1,98.6,81.8,75.7,76.0,7.0,Yes,Yes,Urban
STU0367,Vivaan Chauhan,Male,21,Mechanical,2,96.3,100.0,79.4,88.9,85.4,100.0,100.0,84.3,6.2,No,Yes,Rural
STU0346,Arjun Naidu,Female,19,Information Science,1,71.8,62.0,46.3,61.7,60.0,76.0,66.8,77.1,1.7,No,Yes,Urban
STU0536,Karan Mehta,Male,22,Computer Science,6,90.9,67.4,82.7,87.5,73.0,84.6,79.6,74.5,4.3,No,Yes,Urban
STU0399,Diya Das,Male,23,Information Science,2,77.8,23.3,36.1,30.8,29.4,51.9,24.3,18.6,1.7,Yes,Yes,Urban
STU0186,Ayesha Malhotra,Male,19,Computer Science,4,73.3,97.4,75.4,69.9,59.0,77.5,69.1,60.3,4.1,No,Yes,Urban
STU0349,Aadhya Mehta,Female,19,Electronics,2,74.6,77.5,83.3,74.4,86.8,95.2,89.3,77.3,6.4,No,Yes,Rural
STU0212,Sara Chauhan,Male,20,Computer Science,4,81.3,60.7,77.5,81.5,71.9,82.7,81.1,70.2,8.4,No,Yes,Semi-Urban
STU0503,Kabir Mehta,Female,20,  CIVIL  ,8,,73.5,81.6,65.9,36.1,85.9,100.0,95.1,7.3,No,Yes,Semi-Urban
STU0538,Om Kulkarni,Male,18,Mechanical,8,76.5,63.8,62.4,64.5,83.3,55.9,62.5,49.5,10.5,No,Yes,Urban
STU0197,Fatima Rao,Female,19,  CIVIL  ,8,87.4,52.9,75.0,77.0,100.0,84.4,81.6,86.5,3.6,Yes,Yes,Urban
STU0176,Krishna Das,Female,19,Computer Science,1,78.0,78.9,87.6,72.2,82.7,81.4,74.3,73.4,,No,No,Urban
